{"cameraMode":{"drawMode":0,"name":"Shaded","section":"Shading Mode"},"sceneLighting":false,"audioPlay":false,"sceneViewState":{"showFog":true,"showMaterialUpdate":false,"showSkybox":false,"showFlares":true,"showImageEffects":true,"showParticleSystems":true},"in2DMode":false,"pivot":{"x":424.62921142578127,"y":21.886507034301759,"z":600.7968139648438},"rotation":{"x":-0.31070396304130556,"y":0.29363104701042178,"z":-0.10155735909938812,"w":-0.8982965350151062},"size":16.80538558959961,"orthographic":false}