{"cameraMode":{"drawMode":0,"name":"Shaded","section":"Shading Mode"},"sceneLighting":true,"audioPlay":false,"sceneViewState":{"showFog":true,"showMaterialUpdate":false,"showSkybox":true,"showFlares":true,"showImageEffects":true,"showParticleSystems":true},"in2DMode":false,"pivot":{"x":338.3398132324219,"y":15.104863166809082,"z":606.0497436523438},"rotation":{"x":-0.121725894510746,"y":-0.80533367395401,"z":0.17746718227863313,"w":-0.5523826479911804},"size":33.97144317626953,"orthographic":false}