{"cameraMode":{"drawMode":0,"name":"Shaded","section":"Shading Mode"},"sceneLighting":false,"audioPlay":false,"sceneViewState":{"showFog":true,"showMaterialUpdate":false,"showSkybox":false,"showFlares":true,"showImageEffects":true,"showParticleSystems":true},"in2DMode":false,"pivot":{"x":327.73101806640627,"y":23.323524475097658,"z":760.9617919921875},"rotation":{"x":-0.01177289243787527,"y":0.8333975076675415,"z":-0.017748763784766198,"w":-0.5522754788398743},"size":1.466658353805542,"orthographic":false}