{"cameraMode":{"drawMode":0,"name":"Shaded","section":"Shading Mode"},"sceneLighting":false,"audioPlay":false,"sceneViewState":{"showFog":true,"showMaterialUpdate":false,"showSkybox":false,"showFlares":true,"showImageEffects":true,"showParticleSystems":true},"in2DMode":false,"pivot":{"x":53.019229888916019,"y":57.402442932128909,"z":-55.30441665649414},"rotation":{"x":-0.03947480767965317,"y":0.9574152827262878,"z":-0.2379477620124817,"w":-0.15873664617538453},"size":3.25368332862854,"orthographic":false}