{"cameraMode":{"drawMode":0,"name":"Shaded","section":"Shading Mode"},"sceneLighting":false,"audioPlay":false,"sceneViewState":{"showFog":true,"showMaterialUpdate":false,"showSkybox":false,"showFlares":true,"showImageEffects":true,"showParticleSystems":true},"in2DMode":false,"pivot":{"x":292.1878662109375,"y":25.681419372558595,"z":762.759033203125},"rotation":{"x":-0.03128346800804138,"y":0.9677273035049439,"z":-0.1527920961380005,"w":-0.19798670709133149},"size":19.814029693603517,"orthographic":false}