{"cameraMode":{"drawMode":0,"name":"Shaded","section":"Shading Mode"},"sceneLighting":false,"audioPlay":false,"sceneViewState":{"showFog":true,"showMaterialUpdate":false,"showSkybox":false,"showFlares":true,"showImageEffects":true,"showParticleSystems":true},"in2DMode":false,"pivot":{"x":401.3625183105469,"y":21.045745849609376,"z":622.2741088867188},"rotation":{"x":0.31025394797325137,"y":0.49724942445755007,"z":-0.1962462067604065,"w":0.7861205339431763},"size":10.326094627380371,"orthographic":false}