{"cameraMode":{"drawMode":0,"name":"Shaded","section":"Shading Mode"},"sceneLighting":true,"audioPlay":false,"sceneViewState":{"showFog":true,"showMaterialUpdate":false,"showSkybox":true,"showFlares":true,"showImageEffects":true,"showParticleSystems":true},"in2DMode":false,"pivot":{"x":318.05322265625,"y":44.91796112060547,"z":762.236328125},"rotation":{"x":0.012754629366099835,"y":-0.9861387610435486,"z":0.09108183532953263,"w":0.13812574744224549},"size":69.42277526855469,"orthographic":false}