{"cameraMode":{"drawMode":0,"name":"Shaded","section":"Shading Mode"},"sceneLighting":false,"audioPlay":false,"sceneViewState":{"showFog":true,"showMaterialUpdate":false,"showSkybox":false,"showFlares":true,"showImageEffects":true,"showParticleSystems":true},"in2DMode":false,"pivot":{"x":0.0,"y":0.5547555685043335,"z":0.14398622512817384},"rotation":{"x":0.0626891553401947,"y":0.415240615606308,"z":-0.028697172179818155,"w":0.9070953726768494},"size":1.0944280624389649,"orthographic":false}