{"cameraMode":{"drawMode":0,"name":"Shaded","section":"Shading Mode"},"sceneLighting":false,"audioPlay":false,"sceneViewState":{"showFog":true,"showMaterialUpdate":false,"showSkybox":false,"showFlares":true,"showImageEffects":true,"showParticleSystems":true},"in2DMode":false,"pivot":{"x":155.20616149902345,"y":0.45895326137542727,"z":4.8818359375},"rotation":{"x":0.15835177898406983,"y":0.5074905753135681,"z":-0.09551956504583359,"w":0.8415918350219727},"size":2.4017205238342287,"orthographic":false}